standid,sitecls
33,5
69,4
85,4
114,4
116,4
132,4
163,4
201,2
208,3
226,3
250,2
270,3
299,3
311,4
321,3
322,2
323,3
326,3
333,3
347,2
414,2
423,3
427,2
433,4
469,3
497,4
506,2
512,2
576,4
578,4
591,5
650,4
653,4
678,3
687,5
708,4
711,2
714,4
780,4
818,4
864,3
880,3
908,4
913,4
956,4
1011,4
1065,5
1115,4
1116,3
1126,4
1133,3
1137,3
1148,2
1187,5
1192,5
1195,3
1237,3
1247,4
1269,5
1286,4
1314,4
1325,3
1331,3
1343,5
1371,3
1402,4
1433,4
1450,4
1546,5
1581,3
1599,5
1616,3
1649,3
1682,4
1706,2
1709,5
1716,4
1783,5
1798,4
1804,4
1811,3
1843,4
1851,2
1874,4
1875,4
1887,5
1900,4
1913,4
1921,4
1932,4
1939,4
1947,4
1991,4
2001,5
2008,4
2052,5
2061,5
2065,5
2090,5
2107,5
2125,5
2145,4
2172,4
2176,5
2181,5
2201,4
2212,4
2219,5
2226,5
2241,5
2265,5
2281,5
2303,4
2311,5
2350,4
2356,5
2359,5
2367,5
2372,5
2397,5
2400,5
2415,5
2459,5
2463,5
2477,5
2527,5
2567,4
2612,5
2617,5
2624,4
2644,4
2679,5
2685,5
2700,5
2709,4
2726,2
2838,5
2844,4
2867,3
2899,5
2904,4
2918,2
2943,2
2944,2
2955,5
2971,5
3019,2
3070,5
3075,4
3078,4
3131,4
3140,4
3171,3
3181,3
3189,4
3190,3
3267,2
3305,5
3317,3
3322,3
3335,5
3378,4
3398,5
3404,5
3420,5
3440,5
3443,5
3455,4
3484,4
3497,5
3509,5
3541,5
3543,5
3548,5
3575,4
3581,4
3584,3
3592,3
3663,5
3718,4
3745,5
3756,5
3765,4
3778,4
3781,5
3784,4
3787,5
3816,5
3825,4
3846,5
3861,5
3899,4
3901,5
3921,4
3981,5
3995,5
4013,4
4039,5
4068,3
4104,4
4117,5
4123,5
4164,4
4192,5
4213,4
4247,5
4266,5
4381,4
4426,4
4440,5
4466,3
4477,5
4490,5
4498,5
4518,5
4524,5
4526,5
4568,4
4627,3
4633,4
4677,4
4697,5
4721,4
4769,3
4800,3
4806,5
4811,5
4838,5
4851,2
4916,4
4936,5
4952,4
4962,3
4973,3
5010,3
5044,5
5095,5
5117,3
5149,4
5180,5
5191,5
5192,3
5200,4
5206,4
5252,5
5256,5
5259,4
5297,3
5300,5
5339,5
5380,4
5408,5
5438,4
5520,4
5533,4
5551,4
5569,4
5585,5
5647,5
5673,5
5704,5
5717,5
5737,5
5775,5
5827,4
5831,5
5841,5
5845,5
5872,5
5884,4
5935,4
6076,5
6095,5
6097,5
6132,4
6195,5
6215,5
6276,5
6280,2
6310,5
6314,3
6320,5
6357,3
6359,5
6395,3
6396,3
6457,5
6479,4
6530,4
6545,5
6557,5
6570,4
6602,5
6610,2
6725,4
6729,5
6753,5
6796,3
6870,4
6901,5
7046,4
7132,3
7169,5
7225,5
7287,5
7311,5
7328,2
7337,5
7373,4
7379,4
7385,5
7394,4
7430,4
7432,4
7486,4
7527,5
7533,4
7569,4
7638,4
7642,5
7648,5
7675,3
7677,2
7709,5
7712,4
7724,3
7736,4
7746,2
7752,4
7787,3
7795,4
7820,5
7823,4
7835,3
7934,5
7939,4
7940,4
7950,5
7956,3
7962,5
7965,4
8015,3
8035,4
8038,4
8062,4
8103,5
8115,4
8117,4
8148,5
8162,3
8177,3
8254,5
8311,4
8331,3
8334,2
8357,4
8358,4
8398,2
8399,2
8425,3
8431,3
8469,4
8517,5
8519,5
8534,4
8558,4
8562,4
8610,4
8629,2
8665,4
8669,4
8684,4
8688,3
8701,5
8729,4
8733,5
8738,3
8776,4
8787,4
8798,4
8799,4
8818,5
8846,3
8871,3
8882,4
8900,3
8901,4
8929,4
8946,5
8949,4
8965,5
8975,3
8984,3
9005,4
9018,5
9029,3
9044,3
9050,4
9066,5
9081,4
9086,4
9092,3
9099,4
9110,3
9127,5
9131,5
9178,4
9197,4
9211,4
9220,3
9245,5
9258,4
9260,4
9314,3
9326,4
9332,3
9335,4
9340,5
9359,3
9386,3
9460,4
9485,2
9521,2
9531,4
9578,4
9592,3
9618,5
9673,5
9721,5
9746,2
9759,3
9760,3
9818,3
9822,3
9835,5
9841,3
9874,3
9875,2
9886,4
9905,4
10019,2
10021,2
10032,3
10077,5
10120,4
10139,4
10156,3
10158,3
10196,3
10203,3
10206,4
10211,3
10224,2
10226,3
10236,4
10248,4
10253,4
10264,5
10279,4
10295,5
10380,4
10382,3
10400,4
10444,4
10469,4
10479,3
10484,5
10526,5
10537,5
10543,4
10545,5
10634,4
10679,4
10691,5
10704,5
10725,3
10740,5
10760,4
10779,5
10786,4
10789,4
10792,2
10815,5
10831,5
10890,3
10895,5
10930,5
10933,5
10969,3
11000,4
11006,5
11013,4
11021,5
11022,5
11049,5
11079,4
11134,5
11137,5
11155,5
11168,5
11222,4
11252,5
11348,5
11354,5
11375,4
11379,4
11407,5
11413,5
11420,5
11483,5
11499,5
11505,3
11520,4
11562,5
11563,5
11572,4
11591,4
11626,5
11662,4
11677,4
11678,3
11687,4
11696,4
11734,4
11755,5
11778,5
11779,5
11787,4
11793,4
11852,5
11876,4
11898,5
11924,4
11931,3
11936,4
11991,5
11994,5
12000,5
12049,4
12149,5
12221,5
12229,5
12232,5
12247,5
12253,5
12269,5
12281,5
12289,5
12294,4
12322,3
12326,4
12337,5
12444,4
12463,5
12473,5
12479,5
12492,4
12535,5
12540,4
12599,5
12621,4
12625,3
12640,5
12647,4
12665,5
12670,5
12675,4
12679,5
12766,5
12779,4
12786,4
12818,5
12846,5
12857,5
12866,5
12953,5
12991,5
12992,5
12998,5
13022,4
13053,5
13064,5
13107,4
13122,5
13183,5
13197,5
13201,4
13219,3
13311,4
13384,5
13392,5
13423,4
13427,5
13442,3
13494,5
13527,5
13552,3
13571,3
13631,5
13648,2
13664,4
13670,4
13678,5
13681,5
13682,5
13712,5
13731,4
13745,3
13754,3
13758,2
13771,3
13773,3
13795,5
13836,5
13847,3
13859,3
13860,3
13864,3
13866,4
13885,3
13895,5
13896,5
13907,5
13932,4
13965,2
13982,5
14009,4
14021,4
14031,4
14039,4
14047,4
14058,5
14085,4
14121,3
14134,3
14144,5
14147,4
14214,4
14217,5
14231,5
14243,4
14269,3
14279,4
14284,5
14296,5
14323,4
14327,4
14329,4
14350,4
14357,5
14395,5
14399,3
14410,4
14411,5
14461,3
14519,4
14536,5
14569,4
14594,4
14598,4
14618,3
14633,4
14670,5
14685,5
14687,4
14699,4
14718,4
14740,5
14742,5
14757,5
14786,4
14790,4
14805,5
14814,5
14836,4
14899,4
14902,3
14941,5
14942,5
14946,5
15018,5
15047,3
15069,3
15099,5
15108,4
15109,5
15111,5
15128,3
15171,4
15183,5
15214,3
15226,4
15271,5
15289,4
15370,3
15386,4
15388,4
15389,4
15416,5
15436,3
15446,4
15462,3
15468,5
15470,5
15475,5
15476,5
15522,3
15541,5
15577,3
15587,4
15592,5
15598,5
15606,4
15611,5
15615,5
15618,5
15657,5
15681,4
15686,5
15702,5
15715,4
15725,4
15741,3
15752,5
15757,5
15765,4
15777,4
15824,2
15859,5
15862,5
15873,5
15880,5
15883,4
15911,5
15926,5
15937,5
15961,5
15964,5
15966,5
15991,5
16001,5
16033,5
16037,5
16064,5
16073,5
16085,5
16137,4
16171,5
16181,5
16189,5
16215,4
16234,3
16276,4
16283,4
16288,5
16293,5
16339,5
16357,5
16394,5
16419,5
16444,5
16466,5
16539,4
16565,4
16591,5
16649,3
16662,4
16671,5
16673,5
16681,3
16694,5
16709,4
16713,5
16714,5
16721,3
16722,2
16736,5
16742,5
16757,2
16764,4
16791,3
16799,4
16807,5
16815,5
16856,4
16992,5
17016,2
17022,5
17027,2
17046,5
17051,4
17065,4
17092,5
17129,5
17138,5
17167,4
17175,5
17183,4
17195,5
17213,4
17266,5
17287,3
17296,5
17300,5
17303,4
17311,5
17323,4
17331,5
17341,5
17364,4
17375,4
17376,4
17384,4
17415,5
17425,4
17461,3
17479,5
17481,5
17486,4
17527,5
17547,4
17553,3
17596,3
17607,4
17614,4
17645,3
17651,4
17656,4
17675,4
17684,2
17686,5
17698,4
17708,3
17757,4
17772,4
17813,4
17837,2
17876,5
17879,4
17891,3
17913,4
17935,5
17938,4
17939,4
17945,4
17958,4
17961,3
17975,4
18031,3
18056,4
18073,5
18121,3
18157,3
18161,4
18188,3
18226,4
18286,4
18300,5
18317,4
18323,4
18338,2
18343,4
18344,4
18358,4
18365,2
18375,4
18412,4
18429,4
18475,5
18493,4
18552,3
18557,4
18569,3
18577,3
18578,4
18638,4
18681,5
18731,4
18737,3
18741,3
18766,4
18769,5
18781,5
18803,4
18819,5
18886,4
18890,4
18946,3
18961,3
18964,3
18975,5
18981,5
19043,4
19068,4
19103,5
19113,4
19116,3
19134,4
19138,4
19141,3
19149,4
19180,4
19217,5
19240,4
19258,5
19305,3
19315,3
19350,4
19380,3
19396,4
19454,4
19477,4
19485,4
19490,5
19532,3
19550,3
19580,4
19607,4
19633,4
19643,3
19644,3
19645,3
19661,4
19666,3
19675,4
19682,5
19700,4
19726,5
19767,4
19776,3
19793,4
19841,2
19848,4
19872,4
19881,4
19883,4
19899,5
19912,3
19913,3
19919,3
19932,5
19937,4
19949,4
19963,5
19970,4
20022,4
20026,3
20044,4
20083,5
20098,2
20103,4
20108,3
20126,5
20168,3
20225,5
20257,3
20271,2
20276,4
20286,2
20294,3
20297,4
20309,4
20312,5
20364,5
20373,2
20423,4
20451,2
20483,4
20487,4
20493,4
20513,4
20529,5
20533,5
20551,4
20562,3
20571,4
20614,3
20616,3
20618,3
20629,4
20682,4
20693,4
20712,3
20722,3
20755,4
20766,4
20828,4
20853,4
20861,4
20862,4
20909,3
20933,3
20973,4
20975,4
20978,4
20980,4
20988,5
20989,3
21044,4
21071,5
21076,2
21150,5
21158,3
21170,4
21183,3
21184,3
21192,5
21230,4
21232,4
21242,4
21259,5
21271,4
21299,3
21312,2
21314,2
21352,4
21356,5
21401,3
21431,5
21457,4
21459,2
21494,3
21520,3
21539,3
21540,5
21560,4
21589,2
21591,2
21594,2
21647,3
21653,3
21660,4
21675,2
21695,2
21728,5
21735,4
21738,3
21776,3
21778,2
21789,2
21868,3
21942,5
21967,3
22032,2
22034,2
22051,2
22065,4
22088,4
22093,4
22107,3
22140,5
22142,5
22202,4
22249,4
22281,2
22305,4
22341,4
22344,4
22357,3
22408,4
22421,5
22431,5
22457,4
22500,5
22501,5
22510,4
22532,2
22548,5
22554,2
22569,2
22594,3
22654,3
22661,2
22670,3
22673,5
22697,5
22726,5
22728,4
22733,5
22738,2
22790,5
22825,2
22883,4
22909,4
22912,4
22930,2
22974,5
23000,4
23025,5
23035,4
23045,2
23059,2
23062,4
23073,3
23081,3
23098,2
23104,4
23154,4
23168,3
23175,3
23227,3
23229,5
23248,3
23249,3
23252,2
23277,3
23306,3
23320,3
23327,4
23339,4
23353,2
23355,2
23364,3
23366,3
23377,2
23386,3
23404,3
23408,4
23427,2
23461,2
23464,3
23470,3
23472,5
23487,3
23529,5
23548,5
23561,4
23660,3
23693,3
23743,4
23754,3
23759,2
23762,2
23766,3
23866,3
23886,4
23893,5
23917,4
23918,4
23944,5
23948,5
23950,5
24006,4
24007,3
24025,3
24093,3
24111,2
24126,2
24144,4
24168,3
24181,3
24220,3
24229,4
24263,4
24288,3
24290,4
24301,3
24382,4
24395,3
24416,3
24447,4
24449,3
24454,3
24462,4
24475,3
24481,2
24497,3
24546,4
24619,2
24668,4
24684,3
24749,3
24753,5
24755,4
24800,3
24803,4
24804,3
24815,3
24844,2
24851,3
24880,2
24909,2
24956,3
24958,5
24998,3
25009,2
25024,5
25039,2
25048,4
25071,3
25086,4
25087,3
25089,3
25099,3
25131,4
25132,4
25150,2
25155,3
25185,2
25194,2
25199,3
25209,3
25225,3
25235,3
25240,3
25243,3
25262,3
25314,3
25343,2
25345,3
25353,3
25372,1
25383,4
25428,2
25489,2
25527,2
25543,2
25552,3
25555,3
25560,4
25597,3
25598,2
25623,1
25637,3
25642,2
25643,2
25658,2
25701,3
25702,3
25711,5
25739,2
25752,4
25776,3
25779,1
25817,3
25822,1
25839,2
25863,2
25893,1
25894,4
25907,3
25918,3
25920,2
25927,1
25967,1
25974,2
25977,5
26019,2
26042,4
26047,2
26077,4
26085,3
26113,3
26117,3
26125,4
26143,3
26162,1
26171,2
26221,3
26226,3
26227,3
26280,2
26324,2
26335,3
26395,2
26402,4
26422,2
26440,1
26466,4
26486,2
26492,4
26534,2
26537,2
26561,3
26573,1
26586,1
26590,1
26608,3
26630,2
26646,2
26658,2
26662,2
26709,2
26720,1
26735,2
26741,2
26772,1
26893,1
26901,1
26909,1
26934,2
26939,2
26951,2
26961,1
27002,1
27035,1
27039,1
27053,1
27075,1
27108,1
27111,2
27123,1
27134,1
27137,1
27148,1
27154,1
27161,2
27184,2
27208,2
27216,1
27250,2
27251,2
27301,1
27314,1
27330,1
27339,1
27342,1
27354,1
27370,2
27373,2
27421,4
27445,2
27470,3
27479,2
27504,1
27515,1
27516,1
27523,4
27555,1
27557,4
27582,1
27611,1
27633,1
27646,1
27676,1
27684,1
27728,1
27741,2
27742,2
27754,1
27761,1
27775,1
27776,1
27786,1
27800,2
27805,2
27819,1
27891,1
27908,1
27926,2
27957,1
27970,1
27980,3
27986,1
27999,1
28022,1
28036,2
28043,2
28115,2
28117,2
28127,1
28132,2
28153,2
28226,2
28239,2
28245,3
28283,1
28310,1
28329,2
28359,4
28370,2
28405,2
28432,2
28481,2
28500,3
28557,4
28559,2
28566,3
28571,3
28575,2
28585,3
28592,4
28611,3
28636,3
28668,3
28678,3
28690,3
28736,1
28782,3
28824,3
28828,3
28829,3
28839,2
28851,3
28904,3
28905,2
28913,2
28916,2
28932,3
28950,3
28952,3
28956,3
28990,2
28997,2
29023,2
29031,3
29041,2
29069,2
29114,3
29121,3
29150,4
29252,3
29271,3
29304,2
29328,2
29344,2
29364,1
29376,4
29386,3
29408,1
29410,2
29412,3
29414,1
29438,1
29444,3
29452,1
29463,2
29499,4
29522,4
29539,2
29564,4
29590,4
29605,4
29615,5
29618,5
29629,4
29642,4
29665,4
29680,4
29696,3
29742,3
29744,3
29778,4
29790,3
29794,5
29802,4
29840,5
29875,5
29886,4
29897,4
29900,3
29914,5
29915,4
29926,5
29932,4
29943,2
29965,5
29970,5
29972,5
30021,4
30022,4
30035,4
30047,3
30064,3
30134,5
30170,1
30171,1
30177,3
30223,5
30249,4
30256,3
30276,5
30279,5
30311,4
30319,4
30363,4
30389,5
30456,4
30469,5
30489,5
30491,5
30553,4
30557,5
30585,4
30590,4
30618,4
30713,5
30721,4
30731,3
30732,3
30736,4
30743,5
30752,3
30757,4
30779,4
30794,4
30801,3
30831,4
30849,5
30860,4
30912,3
30921,4
30930,5
30983,5
31012,3
31026,4
31041,5
31060,3
31068,4
31073,4
31108,4
31115,5
31129,4
31150,3
31158,5
31167,4
31174,4
31177,4
31227,5
31238,4
31240,4
31245,5
31275,4
31343,4
31353,4
31423,3
31454,4
31463,3
31504,5
31535,4
31539,5
31574,5
31585,3
31604,2
31608,4
31692,4
31704,3
31722,5
31773,3
31777,4
31798,4
31803,5
31834,4
31835,4
31860,4
31892,2
31899,4
31910,2
31920,4
31977,2
32030,4
32033,3
32053,2
32068,3
32074,3
32096,5
32102,3
32139,4
32151,5
32159,3
32168,3
32196,3
32223,4
32230,2
32263,4
32264,3
32267,3
32270,3
32276,3
32284,3
32289,4
32316,2
32343,3
32363,4
32365,3
32404,1
32426,3
32440,3
32462,2
32467,3
32472,2
32570,4
32652,3
32677,2
32703,3
32756,1
32789,2
32809,1
32821,2
32824,3
32825,2
32851,2
32852,2
32857,4
32865,1
32919,2
32936,2
32950,2
32978,2
32987,4
33000,1
33038,2
33053,2
33104,3
33109,3
33116,2
33159,1
33203,2
33220,4
33237,4
33257,3
33262,2
33265,2
33277,1
33378,2
33391,1
33436,1
33438,3
33471,1
33472,1
33500,3
33503,3
33508,2
33509,3
33518,2
33578,1
33585,2
33601,2
33618,1
33641,5
33648,2
33657,2
33680,4
33727,4
33751,1
33794,3
33815,4
33837,5
33843,4
33851,1
33859,2
33867,4
33880,2
33910,3
33961,1
34039,5
34040,5
34061,1
34063,1
34064,1
34091,2
34182,1
34198,2
34270,3
34282,2
34309,2
34339,3
34348,2
34380,2
34389,1
34400,2
34422,2
34450,2
34455,2
34478,2
34484,2
34569,2
34570,4
34604,2
34605,2
34625,2
34629,2
34638,2
34652,2
34663,2
34668,3
34691,2
34693,2
34704,2
34760,2
34761,3
34834,2
34835,2
34839,2
34852,3
34871,2
34894,1
34933,1
34937,2
34938,2
34942,2
34987,2
34993,2
34997,2
35018,2
35032,2
35064,2
35087,2
35104,1
35107,2
35110,4
35114,2
35117,2
35139,1
35168,4
35188,1
35194,4
35204,3
35239,1
35241,1
35243,2
35307,1
35314,2
35326,1
35365,1
35366,1
35391,2
35406,2
35425,1
35446,2
35447,2
35450,2
35462,3
35474,2
35501,2
35531,1
35559,1
35595,2
35607,2
35616,3
35621,2
35623,2
35631,4
35635,2
35657,2
35681,2
35738,2
35742,3
35787,2
35814,2
35858,3
35865,2
35867,2
35880,1
35906,3
35925,2
35944,1
36023,2
36051,2
36101,2
36133,2
36144,2
36170,2
36181,1
36182,2
36194,2
36256,2
36257,3
36261,2
36289,2
36323,3
36346,2
36372,2
36410,2
36440,3
36479,2
36528,2
36587,2
36590,3
36636,2
36656,2
36685,1
36701,2
36740,2
36745,2
36753,2
36757,2
36761,2
36774,2
36785,2
36838,2
36858,3
36864,2
36884,1
36897,2
36960,2
36970,2
37059,2
37065,2
37066,1
37070,2
37107,2
37245,2
37298,5
37301,3
37361,4
37400,5
37412,3
37484,5
37504,5
37528,4
37563,3
37624,5
37648,3
37665,3
37671,3
37680,4
37725,5
37732,5
37733,4
37759,4
37790,5
37807,4
37808,3
37814,4
37819,3
37876,4
37877,3
37890,4
37901,4
37919,4
37962,4
37970,3
37992,3
38004,5
38022,3
38044,2
38083,3
38107,3
38110,3
38122,3
38145,3
38163,3
38174,3
38182,3
38195,3
38201,3
38240,4
38270,3
38288,2
38291,3
38356,2
38378,2
38391,4
38401,4
38407,1
38411,2
38445,2
38452,2
38453,2
38462,2
38527,4
38534,3
38587,2
38601,2
38657,2
38659,1
38674,3
38678,3
38703,2
38704,2
38714,2
38715,2
38802,2
38817,2
38842,2
38875,3
38890,3
38900,2
38905,2
38932,3
39009,2
39019,1
39024,3
39037,2
39073,2
39080,2
39081,2
39153,2
39196,2
39218,3
39242,2
39252,4
39309,2
39350,2
39395,3
39441,2
39461,4
39483,3
39497,2
39528,3
39543,2
39570,1
39572,4
39589,2
39637,4
39667,1
39672,1
39674,2
39690,3
39710,3
39720,1
39729,1
39757,3
39760,3
39767,2
39773,3
39792,2
39800,2
39819,3
39832,2
39852,1
39856,3
39878,3
39879,2
39921,3
39923,3
39925,3
39964,3
39967,2
39980,3
39989,4
39990,3
40022,2
40044,3
40068,3
40069,3
40088,2
40113,3
40116,3
40141,4
40180,1
40188,1
40241,2
40245,2
40263,3
40264,3
40282,3
40304,3
40322,2
40359,4
40361,1
40367,3
40383,4
40389,2
40420,2
40435,2
40437,4
40463,4
40465,2
40500,3
40506,3
40510,2
40528,2
40539,2
40612,4
40616,4
40633,3
40667,4
40692,3
40711,3
40727,2
40730,4
40746,3
40802,3
40814,4
40826,4
40836,1
40853,2
40881,2
40886,4
40921,3
40945,2
40959,2
40982,2
40991,3
41010,1
41096,4
41106,3
41134,3
41166,2
41167,2
41187,3
41190,3
41289,2
41334,3
41359,3
41362,3
41368,2
41382,2
41395,3
41412,4
41429,3
41438,2
41439,3
41444,3
41472,2
41476,2
41487,3
41496,4
41505,2
41509,3
41515,2
41517,3
41551,4
41557,2
41598,5
41613,2
41630,4
41650,4
41651,3
41662,3
41669,4
41690,4
41696,3
41699,2
41768,3
41770,3
41786,2
41807,3
41819,1
41833,5
41860,4
41900,5
41919,2
41929,2
41939,4
41943,2
41945,4
41966,3
41970,5
41978,3
42022,2
42077,3
42102,3
42144,3
42189,3
42224,2
42234,2
42250,3
42255,3
42285,4
42296,3
42340,2
42343,2
42369,4
42382,2
42406,2
42422,3
42424,1
42453,4
42460,3
42478,3
42488,2
42519,4
42643,4
42648,5
42661,4
42667,4
42677,3
42679,2
42686,2
42711,4
42791,4
42832,2
42845,1
42846,4
42847,4
42861,1
42886,5
42900,4
42941,1
42953,4
42979,2
42984,2
43069,4
43088,4
43089,1
43128,4
43135,2
43144,1
43175,3
43177,3
43182,4
43191,2
43196,3
43199,3
43214,2
43226,2
43234,2
43333,2
43366,1
43368,1
43381,3
43422,2
43425,4
43433,4
43442,1
43458,2
43459,2
43467,2
43471,4
43482,2
43491,1
43519,1
43525,3
43538,1
43592,4
43595,4
43632,2
43644,2
43668,4
43680,4
43686,2
43706,2
43729,2
43736,2
43741,2
43809,2
43837,4
43845,4
43861,2
43869,1
43883,2
43918,4
43993,2
43998,1
44028,2
44040,1
44049,4
44063,2
44070,2
44087,2
44090,2
44107,4
44137,4
44140,2
44164,4
44170,1
44223,1
44224,1
44225,1
44235,2
44254,2
44268,1
44278,4
44303,2
44350,4
44385,1
44386,1
44415,3
44463,2
44486,1
44502,3
44534,2
44539,2
44540,2
44545,2
44559,3
44569,1
44600,1
44617,4
44628,1
44635,3
44656,2
44701,2
44724,2
44726,2
44729,2
44754,3
44779,2
44799,2
44816,2
44819,4
44828,2
44829,2
44848,4
44927,2
44954,2
45007,2
45026,3
45039,1
45059,2
45071,1
45085,2
45141,2
45161,2
45181,2
45198,2
45223,2
45291,2
45301,3
45321,2
45374,2
45390,1
45414,1
45457,1
45556,3
45573,1
45591,2
45595,3
45640,1
45642,1
45647,2
45661,3
45662,3
45676,3
45703,2
45742,3
45748,3
45754,2
45760,1
45772,2
45778,1
45790,2
45791,4
45847,2
45859,1
45903,2
45908,2
45940,3
45950,3
45956,3
45978,2
45982,2
46008,2
46021,3
46037,2
46088,3
46137,1
46145,2
46146,2
46177,2
46190,3
46234,3
46301,1
46327,3
46328,3
46342,2
46382,1
46385,2
46398,1
46405,2
46423,2
46472,2
46493,1
46509,1
46510,1
46528,2
46548,2
46560,3
46578,1
46589,2
46592,1
46593,1
46608,2
46619,4
46626,4
46635,2
46648,2
46649,2
46681,2
46690,1
46694,2
46768,1
46780,3
46788,2
46832,3
46837,1
46841,2
46864,2
46875,2
46887,4
46914,2
46927,3
46932,2
47005,2
47050,2
47052,2
47075,2
47086,2
47089,3
47097,2
47127,2
47128,2
47138,3
47147,2
47151,1
47169,2
47201,2
47207,2
47215,2
47230,3
47234,2
47249,3
47317,2
47392,3
47422,1
47423,1
47459,3
47476,3
47547,2
47552,2
47556,3
47570,2
47576,2
47588,3
47606,2
47622,1
47633,2
47678,2
47691,2
47693,2
47779,1
47788,1
47799,3
47824,3
47889,3
47898,1
47936,2
47946,2
47998,3
48011,2
48088,4
48096,2
48138,3
48189,2
48242,2
48257,2
48267,2
48317,2
48327,4
48328,4
48332,4
48341,5
48358,2
48370,4
48378,5
48386,3
48429,3
48462,5
48493,3
48533,5
48554,4
48581,3
48621,4
48676,4
48823,5
48824,5
48934,4
48962,3
49000,5
49025,5
49082,5
49105,5
49146,3
49183,5
49203,3
49212,4
49256,4
49300,4
49342,3
49387,5
49406,5
49416,4
49450,5
49540,5
49560,4
49568,4
49621,3
49665,4
49671,4
49710,5
49749,4
49769,5
49803,4
49850,3
49852,5
49855,3
49928,4
49948,5
49986,5
50005,4
50048,3
50065,4
50083,5
50111,2
50112,2
50122,5
50131,4
50135,3
50174,5
50184,5
50202,2
50230,4
50246,4
50263,5
50270,4
50291,4
50300,4
50350,5
50364,4
50392,3
50405,4
50455,5
50466,4
50520,5
50566,5
50567,5
50597,5
50635,4
50646,5
50699,4
50740,4
50787,3
50794,5
50811,5
50878,5
50949,3
50962,4
51014,5
51036,5
51061,4
51079,4
51085,4
51132,4
51135,4
51145,5
51156,4
51177,4
51230,4
51301,5
51316,4
51320,4
51390,4
51430,4
51431,4
51497,4
51504,4
51505,4
51511,5
51529,4
51596,4
51654,4
51751,4
51754,4
51850,4
51851,4
51940,4
51952,4
51955,4
51981,4
51992,4
52026,4
52040,5
52068,4
52082,4
52101,5
52130,5
52157,4
52173,3
52209,5
52276,3
52304,4
52345,5
52347,4
52381,3
52389,5
52431,3
52448,5
52470,4
52475,5
52486,4
52515,2
52516,2
52522,3
52523,3
52538,5
52546,4
52622,5
52670,3
52688,4
52706,3
52735,4
52769,4
52824,5
52830,5
52831,5
52849,4
52876,3
52909,4
52926,5
52928,5
52963,4
53005,3
53049,5
53071,4
53087,4
53145,4
53154,4
53205,4
53206,4
53236,4
53272,4
53284,5
53302,4
53333,4
53354,4
53368,4
53373,4
53400,4
53416,4
53447,5
53462,4
53498,5
53505,5
53507,4
53515,4
53540,4
53541,4
53544,5
53551,4
53556,4
53559,4
53585,4
53591,4
53606,4
53611,5
53665,4
53700,4
53738,4
53755,4
53830,4
53835,5
53840,5
53842,5
53878,3
53898,4
54032,5
54101,4
54106,5
54289,4
54296,4
54299,4
54325,4
54377,4
54382,5
54447,3
54474,5
54546,4
54557,5
54570,4
54689,4
54710,5
54711,5
54747,5
54762,5
54787,3
54849,5
54861,4
54921,5
54923,5
54953,4
54970,4
55007,5
55033,5
55041,5
55080,4
55087,4
55101,4
55123,4
55148,3
55154,4
55157,4
55205,5
55259,4
55326,5
55331,5
55343,4
55344,4
55375,5
55387,5
55465,4
55534,5
55545,5
55585,5
55660,4
55670,4
55706,4
55757,3
55768,4
55787,3
55881,2
55892,2
55911,5
55965,5
55976,4
55983,4
56097,4
56103,5
56127,4
56134,3
56140,5
56145,3
56174,3
56202,5
56219,3
56233,3
56237,3
56242,3
56245,3
56252,3
56273,3
56274,3
56299,5
56324,5
56347,4
56366,5
56369,3
56385,3
56414,3
56449,5
56460,3
56467,4
56500,5
56546,3
56573,3
56574,3
56585,3
56587,3
56597,3
56679,3
56691,2
56698,3
56702,2
56749,2
56775,2
56804,2
56816,2
56819,3
56830,3
56853,2
56869,5
56884,3
56888,2
56902,3
56944,3
56948,3
56966,3
56969,3
56974,5
56989,3
57012,2
57019,3
57044,3
57052,2
57076,3
57113,2
57118,5
57119,5
57130,3
57132,2
57140,3
57218,3
57224,4
57233,5
57241,5
57263,3
57307,3
57331,4
57335,4
57371,4
57382,5
57410,4
57439,4
57458,2
57470,4
57485,2
57496,2
57534,2
57539,2
57543,2
57544,2
57549,2
57561,3
57643,2
57656,2
57673,2
57706,3
57715,2
57719,2
57720,2
57767,2
57773,3
57796,2
57849,2
57852,2
57873,3
57888,4
57915,3
57928,5
57943,2
57983,3
58006,5
58007,4
58023,2
58090,2
58101,3
58119,2
58149,2
58154,2
58185,2
58188,2
58189,2
58192,2
58199,2
58261,2
58262,2
58289,4
58290,2
58331,2
58344,2
58374,2
58429,4
58466,3
58490,2
58512,4
58514,3
58532,3
58543,2
58588,3
58602,2
58635,2
58645,3
58648,5
58654,2
58736,3
58856,2
58859,2
58876,5
58879,4
58883,2
58884,2
58911,2
58938,2
58940,2
58946,2
58965,2
59002,2
59011,4
59019,2
59099,3
59136,3
59145,4
59150,4
59151,4
59157,2
59194,2
59238,2
59329,3
59358,3
59370,3
59380,5
59397,3
59408,3
59417,5
59453,4
59462,3
59482,4
59483,4
59486,4
59489,4
59565,3
59567,3
59572,3
59574,3
59584,3
59611,3
59639,3
59666,3
59672,3
59714,4
59730,4
59739,3
59742,3
59774,3
59776,4
59832,3
59875,3
59879,3
59903,3
59919,5
59943,4
59946,4
59952,4
59965,4
59988,4
59992,5
60018,5
60065,3
60153,2
60208,2
60216,2
60276,1
60282,3
60291,1
60323,3
60345,2
60354,2
60359,2
60426,1
60495,2
60497,2
60532,2
60552,2
60564,1
60593,3
60613,1
60721,2
60799,2
60802,2
60809,2
60828,1
60861,1
60875,2
60945,2
60986,1
61004,2
61030,2
61031,2
61033,1
61043,2
61062,2
61072,1
61075,2
61077,1
61127,3
61158,3
61167,1
61171,1
61172,2
61194,1
61239,3
61245,1
61251,1
61282,2
61301,2
61310,3
61320,2
61334,2
61344,3
61360,1
61391,1
61422,1
61423,1
61476,1
61489,1
61494,2
61502,2
61533,1
61535,1
61541,2
61555,2
61599,2
61603,3
61617,2
61682,1
61683,1
61696,3
61721,2
61731,2
61737,1
61746,2
61775,3
61798,1
61800,1
61802,2
61818,3
61843,2
61851,2
61891,1
61910,1
61927,2
61930,1
61941,1
61951,2
61956,2
61960,1
62078,2
62082,1
62108,2
62120,2
62134,2
62135,1
62149,1
62184,2
62190,1
62195,1
62216,2
62231,1
62244,2
62273,2
62275,2
62279,2
62358,1
62408,1
62424,2
62444,2
62451,2
62454,1
62466,1
62472,2
62485,2
62487,2
62525,2
62535,1
62552,1
62558,1
62607,2
62645,3
62650,2
62675,2
62729,2
62738,2
62763,2
62790,2
62799,2
62800,2
62801,2
62804,2
62818,2
62844,2
62851,1
62913,2
62931,3
62933,2
63008,2
63017,1
63044,1
63082,2
63099,2
63103,3
63109,2
63120,2
63156,2
63165,2
63188,1
63189,2
63193,2
63237,2
63305,2
63312,2
63327,2
63398,2
63413,2
63444,2
63448,2
63458,2
63463,2
63467,2
63494,2
63587,2
63603,2
63609,2
63633,2
63645,2
63662,3
63704,2
63706,2
63708,3
63720,2
63730,2
63757,2
63808,2
63813,2
63821,3
63838,3
63842,2
63847,3
63849,2
63850,1
63873,3
63878,3
63889,4
63913,2
63930,3
63931,3
63967,2
63986,3
63989,3
64001,3
64036,2
64041,2
64045,1
64053,3
64054,4
64058,2
64071,1
64077,1
64102,2
64112,4
64132,3
64206,3
64251,2
64269,3
64274,3
64280,4
64312,4
64338,2
64360,2
64401,3
64465,1
64473,2
64493,1
64509,1
64613,2
64617,2
64618,2
64661,2
64689,2
64708,2
64761,2
64820,1
64824,1
64827,2
64840,2
64843,2
64846,2
64909,1
64916,2
64925,2
64956,2
64971,2
64980,1
64995,2
65005,2
65011,2
65013,2
65060,1
65080,2
65083,2
65119,2
65128,2
65132,2
65183,2
65242,1
65292,3
65307,2
65319,2
65348,2
65350,2
65355,2
65376,2
65439,2
65467,2
65471,1
65473,2
65486,2
65510,2
65569,1
65594,2
65629,3
65634,2
65639,3
65676,2
65690,1
65717,2
65808,2
65835,1
65860,3
65866,2
65872,1
65922,2
65934,3
65951,2
65962,2
65978,2
65979,2
65992,2
66007,2
66041,2
66043,2
66057,2
66063,2
66073,2
66096,2
66097,2
66110,2
66112,2
66131,2
66133,2
66178,2
66183,1
66189,2
66197,1
66198,1
66223,2
66266,1
66276,1
66294,1
66320,1
66388,2
66413,2
66448,2
66458,1
66495,1
66497,1
66504,1
66532,1
66537,1
66557,2
66625,1
66630,2
66640,2
66651,1
66679,2
66695,1
66745,2
66823,1
66834,1
66872,2
66903,2
66914,2
66916,2
66951,2
67023,1
67071,3
67076,3
67087,2
67090,2
67199,1
67206,3
67214,3
67235,1
67244,2
67245,2
67251,1
67266,2
67267,2
67320,2
67356,2
67368,2
67386,1
67412,2
67460,2
67497,2
67549,2
67555,2
67581,2
67615,2
67625,1
67671,3
67774,2
67784,3
67862,1
67877,2
67908,1
67934,2
67935,2
67939,2
67980,1
67995,2
68025,2
68027,2
68051,1
68068,2
68070,2
68097,1
68133,2
68137,2
68166,2
68175,1
68197,1
68204,2
68205,2
68218,2
68221,2
68253,2
68308,2
68328,2
68347,2
68354,1
68367,3
68380,2
68384,2
68389,3
68427,3
68471,2
68479,2
68527,1
68574,2
68587,2
68599,1
68654,1
68671,3
68672,2
68689,2
68706,2
68723,2
68725,1
68764,2
68797,2
68815,1
68825,2
68835,2
68855,2
68882,2
68888,1
68889,1
68920,2
68941,1
68944,1
68945,2
68965,1
69040,2
69048,2
69087,2
69221,1
69252,1
69254,1
69278,2
69292,3
69294,2
69303,2
69349,2
69351,2
69354,2
69381,2
69387,1
69409,1
69420,2
69428,3
69471,1
69496,3
69570,2
69571,1
69587,2
69600,2
69614,3
69625,2
69652,2
69657,2
69662,2
69716,2
69743,1
69852,3
69880,2
69909,2
69910,2
69951,2
69954,2
69984,1
70052,2
70053,2
70067,2
70086,2
70110,2
70114,3
70143,1
70148,3
70155,2
70161,2
70168,2
70171,2
70173,2
70185,3
70208,3
70210,3
70221,2
70283,2
70315,2
70320,2
70372,2
70376,2
70416,2
70419,2
70455,2
70480,2
70497,2
70504,2
70515,2
70516,2
70629,2
70638,2
70653,2
70661,2
70670,1
70671,1
70711,2
70741,3
70743,3
70747,2
70763,1
70767,2
70782,1
70786,1
70802,3
70815,2
70819,3
70827,3
70919,2
70924,3
70926,3
70959,3
70960,2
70968,3
70972,3
70973,3
71023,2
71035,2
71039,2
71055,2
71074,2
71077,3
71087,4
71090,3
71091,1
71101,2
71105,1
71124,3
71145,2
71187,3
71248,2
71265,4
71275,3
71316,4
71347,3
71378,3
71382,3
71426,3
71428,3
71429,3
71518,3
71520,4
71582,2
71594,2
71604,2
71677,4
71678,4
71680,4
71684,4
71706,3
71715,4
71724,2
71743,4
71757,2
71796,4
71800,4
71805,2
71814,2
71832,1
71837,2
71844,1
71852,2
71855,2
71858,2
71866,2
71869,2
71896,2
71901,2
71917,1
71941,1
71954,1
71996,1
72004,1
72031,1
72034,2
72053,2
72089,2
72104,2
72109,2
72129,2
72164,2
72173,2
72183,2
72186,2
72217,2
72229,2
72233,2
72239,2
72260,2
72265,2
72267,2
72274,2
72300,1
72329,2
72340,2
72347,2
72412,2
72451,1
72524,2
72541,2
72604,2
72667,2
72675,1
72680,2
72687,2
72691,2
72695,2
72711,2
72718,2
72734,2
72735,2
72742,2
72777,2
72782,1
72793,2
72901,2
72910,2
72920,2
72931,1
72945,2
72947,2
72963,2
72990,1
73007,2
73024,2
73065,2
73073,2
73081,2
73094,2
73096,2
73133,1
73145,2
73163,2
73202,2
73206,2
73233,1
73238,1
73249,2
73252,2
73267,2
73270,2
73278,2
73311,2
73315,2
73353,2
73372,1
73385,2
73416,2
73426,2
73432,2
73440,1
73478,2
73489,2
73505,2
73507,1
73526,2
73556,2
73567,2
73571,2
73580,2
73646,2
73661,2
73664,2
73729,2
73731,2
73754,2
73765,2
73768,2
73892,2
73895,3
73900,2
73910,1
73916,2
73937,2
73945,2
73983,3
74048,2
74053,2
74082,1
74086,2
74120,2
74164,2
74234,2
74255,2
74259,2
74341,3
74352,2
74385,2
74412,3
74422,2
74457,2
74461,2
74482,3
74483,2
74494,1
74497,1
74501,1
74502,1
74532,3
74533,1
74537,2
74543,1
74562,2
74580,1
74587,2
74686,2
74753,2
74792,2
74796,1
74863,2
74865,1
74874,2
74907,1
74908,1
74913,2
74935,2
74947,1
74962,2
74984,1
74995,1
74997,1
75003,2
75007,2
75033,1
75055,2
75082,1
75088,2
75103,2
75139,1
75152,1
75155,2
75163,1
75183,2
75215,1
75227,1
75263,1
75285,2
75291,3
75303,3
75317,3
75339,3
75366,3
75368,3
75370,3
75377,1
75378,1
75387,3
75424,4
75432,2
75441,3
75467,2
75510,3
75511,3
75525,2
75526,2
75529,3
75595,3
75608,2
75634,2
75652,1
75656,2
75664,2
75669,2
75687,3
75726,3
75729,3
75734,3
75744,3
75771,1
75786,2
75816,1
75857,2
75878,1
75928,2
75930,3
75946,3
75957,2
75975,2
75976,3
75986,1
75987,2
75990,3
76027,4
76033,1
76081,1
76109,4
76113,2
76136,2
76139,1
76152,3
76212,3
76229,3
76251,3
76299,3
76305,1
76332,2
76354,3
76355,3
76386,4
76441,4
76460,3
76469,1
76508,1
76517,1
76530,2
76543,4
76627,2
76636,3
76644,2
76661,1
76666,2
76694,3
76750,3
76768,2
76820,1
76837,3
76849,3
76859,2
76945,3
76970,3
76972,3
77027,2
77035,3
77081,3
77093,2
77117,3
77118,1
77145,2
77172,3
77177,2
77216,2
77221,2
77222,2
77223,2
77225,2
77241,2
77285,2
77309,4
77322,1
77328,4
77387,2
77392,2
77395,2
77397,1
77416,2
77420,2
77459,2
77472,3
77483,3
77494,2
77506,2
77517,3
77525,1
77640,2
77659,3
77681,4
77684,3
77758,3
77838,2
77844,3
77850,2
77889,3
77898,3
77945,3
77975,3
78005,2
78008,3
78016,3
78086,2
78087,3
78096,2
78103,2
78123,4
78198,3
78247,3
78258,2
78274,4
78287,3
78314,3
78318,2
78336,4
78384,3
78412,3
78416,4
78419,2
78461,3
78473,3
78483,3
78487,3
78502,4
78519,3
78528,2
78540,3
78547,4
78611,2
78614,2
78623,2
78670,1
78678,3
78705,1
78710,1
78733,2
78764,3
78817,2
78828,4
78848,5
78853,4
78863,4
78877,2
78942,3
78949,5
78966,3
78980,5
78990,4
79008,2
79038,5
79042,5
79053,5
79060,3
79100,2
79146,3
79150,3
79153,4
79158,3
79211,4
79221,4
79332,2
79341,2
79366,3
79367,3
79371,2
79454,2
79455,2
79475,1
79493,2
79529,3
79543,3
79550,3
79551,3
79582,2
79630,2
79640,3
79645,2
79656,3
79663,3
79675,3
79686,3
79711,2
79716,3
79721,3
79736,3
79746,3
79759,3
79771,3
79788,4
79789,3
79848,2
79864,4
79865,4
79868,3
79897,3
79900,3
79902,3
79907,2
79911,3
79936,1
79973,1
79997,1
80009,3
80022,1
80026,3
80067,3
80070,2
80083,3
80084,2
80093,3
80117,1
80127,3
80156,2
80162,2
80171,2
80177,2
80179,3
80194,3
80201,5
80206,4
80315,3
80328,4
80341,5
80382,1
80396,3
80411,4
80442,3
80469,4
80534,3
80548,3
80581,3
80606,5
80612,2
80613,2
80618,2
80636,2
80653,3
80672,2
80690,4
80717,4
80723,4
80724,4
80761,4
80768,3
80769,4
80780,2
80783,5
80795,4
80803,4
80853,2
80858,4
80859,2
80867,2
80868,3
80874,4
80891,2
80924,2
80944,2
80946,2
80947,5
80952,2
80960,2
81030,3
81058,2
81086,4
81093,4
81140,4
81160,2
81161,2
81184,3
81189,3
81251,3
81301,4
81327,4
81357,4
81382,4
81396,4
81452,4
81453,4
81491,4
81507,3
81517,4
81528,4
81568,4
81586,4
81596,4
81622,4
81655,4
81667,4
81674,5
81691,4
81708,4
81720,4
81722,4
81726,4
81768,4
81780,4
81785,5
81793,4
81811,4
81818,4
81823,5
81825,3
81865,4
81872,3
81880,5
81888,5
81889,5
81891,5
81899,4
81908,4
81922,5
81929,5
81951,4
82025,5
82032,5
82039,5
82048,4
82068,4
82080,4
82114,3
82115,3
82126,5
82153,5
82168,3
82173,4
82192,5
82212,4
82258,5
82266,4
82270,4
82272,4
82291,5
82300,5
82305,5
82312,4
82329,4
82340,4
82360,4
82368,5
82378,5
82395,4
82433,4
82443,4
82450,4
82664,2
82684,4
82707,5
82716,4
82728,3
82801,4
82816,4
82820,4
82849,3
82898,4
82910,3
82941,4
82947,4
82959,5
83135,4
83154,4
83164,4
83173,3
83178,3
83182,4
83183,3
83193,3
83219,4
83244,2
83314,2
83379,4
83382,2
83394,3
83396,3
83444,4
83474,3
83514,4
83523,4
83531,3
83537,3
83555,3
83567,4
83596,4
83616,3
83635,4
83638,3
83651,3
83652,3
83659,4
83694,2
83705,3
83719,3
83726,4
83733,4
83738,4
83742,4
83772,4
83785,4
83791,5
83830,4
83841,3
83846,4
83848,4
83861,4
83888,4
83913,3
83921,2
83945,4
83966,4
83984,4
83985,4
84037,3
84057,4
84061,4
84072,4
84135,4
84158,4
84167,3
84180,3
84209,4
84215,4
84233,4
84248,3
84253,4
84284,3
84285,3
84343,3
84360,3
84365,3
84404,3
84422,4
84430,4
84438,3
84449,4
84460,3
84466,5
84485,2
84494,3
84516,4
84537,3
84539,3
84564,2
84566,4
84568,2
84586,4
84590,3
84593,4
84637,4
84646,2
84650,2
84659,3
84680,4
84731,3
84748,3
84763,4
84776,5
84791,4
84847,5
84863,4
84864,2
84876,4
84900,4
84921,4
85000,4
85013,3
85024,3
85060,4
85063,4
85070,4
85072,5
85125,4
85149,5
85161,4
85231,3
85268,5
85297,3
85314,3
85356,3
85361,4
85417,3
85455,5
85510,5
85517,2
85519,3
85534,2
85540,4
85572,5
85579,4
85580,4
85749,4
85752,4
85800,3
85875,5
85896,2
85906,3
85965,2
85971,3
85997,2
86015,2
86039,2
86044,3
86059,3
86095,4
86114,4
86115,4
86142,5
86160,3
86169,4
86245,3
86253,4
86291,2
86295,2
86318,3
86329,2
86337,3
86341,4
86376,3
86387,2
86398,3
86411,4
86421,3
86427,3
86430,4
86436,4
86440,3
86450,4
86459,3
86487,3
86501,3
86507,4
86601,4
86620,4
86621,4
86636,5
86674,3
86722,2
86741,5
86772,5
86779,4
86817,4
86819,4
86834,4
86898,4
86916,4
86933,4
86963,2
87019,3
87035,3
87052,4
87086,5
87107,4
87123,4
87124,4
87129,4
87176,5
87179,5
87192,4
87203,4
87229,4
87245,4
87256,4
87275,3
87290,4
87296,3
87301,4
87333,4
87343,4
87355,3
87392,3
87401,4
87454,4
87471,5
87495,5
87515,4
87526,5
87576,4
87614,5
87615,4
87627,4
87630,4
87632,4
87652,3
87654,4
87693,4
87706,5
87750,5
87753,5
87775,5
87794,5
87826,3
87877,4
87888,4
87923,4
87966,4
87972,2
87991,4
88009,4
88013,5
88019,3
88025,4
88050,5
88054,5
88055,5
88056,5
88064,3
88073,4
88076,5
88081,5
88100,4
88109,4
88129,4
88139,5
88167,5
88178,4
88192,4
88250,4
88282,4
88284,4
88307,4
88309,5
88332,4
88346,3
88354,4
88381,5
88385,4
88415,5
88421,5
88433,4
88445,5
88464,4
88469,4
88478,3
88496,4
88513,3
88568,3
88570,4
88577,3
88579,4
88584,4
88589,3
88596,3
88646,5
88648,5
88664,3
88671,3
88692,5
88724,4
88738,4
88813,3
88829,3
88835,4
88853,4
88884,4
88944,3
88946,3
88965,3
88972,4
88996,4
89016,3
89025,4
89061,4
89105,4
89108,3
89116,4
89125,2
89140,5
89144,5
89165,4
89197,5
89226,3
89235,4
89244,3
89247,3
89250,5
89263,5
89274,3
89306,3
89358,4
89370,3
89393,3
89395,4
89448,4
89452,3
89456,5
89508,3
89520,5
89597,5
89598,5
89620,3
89645,4
89652,4
89671,3
89699,3
89721,4
89723,4
89755,4
89765,4
89829,5
89872,3
89873,3
89878,3
89888,4
89927,4
89941,3
89962,5
89968,3
89984,3
90033,3
90044,4
90060,5
90070,3
90079,5
90124,3
90134,3
90149,5
90158,4
90194,4
90205,5
90227,4
90261,3
90288,4
90314,4
90372,4
90400,4
90405,4
90411,4
90417,3
90466,4
90469,3
90478,3
90486,4
90491,3
90504,4
90551,5
90568,3
90584,3
90587,3
90599,3
90634,3
90642,5
90674,3
90691,3
90693,3
90768,4
90807,5
90843,4
90870,5
90872,4
90875,3
90881,3
90888,3
90932,3
90938,4
90950,3
90957,5
90968,2
90975,2
90979,3
91023,3
91026,3
91041,2
91077,2
91087,2
91111,2
91115,2
91123,3
91156,4
91159,3
91165,2
91169,3
91177,3
91186,2
91209,3
91247,5
91261,3
91266,3
91283,2
91330,4
91344,2
91412,2
91418,2
91419,2
91470,4
91473,4
91494,4
91529,2
91552,2
91568,4
91569,4
91621,2
91623,4
91626,1
91653,5
91656,5
91657,4
91682,3
91704,2
91728,4
91752,5
91819,4
91834,2
91858,4
91882,5
91915,3
91917,3
91960,4
91978,3
92001,4
92002,4
92009,3
92017,5
92028,4
92045,3
92090,2
92180,2
92193,2
92201,1
92318,4
92382,3
92395,2
92403,1
92443,4
92444,4
92498,1
92514,1
92549,3
92560,1
92572,4
92580,2
92591,2
92597,3
92600,3
92603,1
92616,1
92618,1
92643,4
92652,3
92704,2
92731,3
92745,4
92752,4
92754,3
92787,2
92788,2
92796,2
92811,2
92820,2
92821,2
92824,1
92829,2
92847,2
92863,4
92872,2
92897,2
92908,1
92914,2
92937,2
92971,4
92973,2
92977,3
93015,4
93043,2
93047,2
93072,1
93082,1
93116,3
93120,1
93135,2
93164,2
93174,2
93181,3
93250,2
93251,2
93338,3
93345,1
93377,4
93384,1
93412,2
93422,4
93430,2
93457,2
93473,4
93475,4
93486,1
93489,1
93503,2
93515,4
93526,3
93532,1
93553,1
93576,1
93583,2
93595,1
93618,3
93621,2
93668,1
93708,1
93714,1
93731,1
93773,2
93784,1
93814,1
93831,1
93851,1
93874,2
93890,2
93900,3
93933,1
93947,2
93982,2
94039,1
94100,2
94101,2
94119,2
94134,1
94158,1
94182,2
94188,2
94222,4
94246,1
94287,1
94307,2
94310,2
94320,2
94333,2
94354,2
94360,1
94395,1
94404,2
94419,2
94454,2
94459,1
94468,2
94471,1
94475,1
94492,2
94523,1
94544,2
94563,4
94579,1
94627,3
94631,2
94649,2
94669,2
94689,2
94694,2
94720,2
94733,1
94749,1
94772,2
94792,4
94795,2
94807,2
94826,2
94832,2
94837,2
94850,1
94853,2
94882,2
94891,2
94906,1
94936,4
94943,2
94952,1
94953,1
94972,2
94983,2
94992,1
95007,4
95012,2
95021,1
95028,1
95042,2
95045,2
95064,1
95113,1
95124,1
95151,1
95164,4
95175,2
95181,2
95186,2
95196,2
95210,1
95214,4
95252,1
95282,1
95287,2
95297,1
95299,1
95311,1
95333,1
95350,2
95358,2
95365,2
95386,2
95402,2
95424,2
95437,2
95446,2
95453,2
95490,2
95500,2
95507,2
95512,1
95519,4
95593,1
95616,1
95650,2
95656,1
95661,4
95663,2
95667,2
95675,1
95676,1
95700,1
95702,1
95715,4
95738,4
95748,3
95762,2
95787,1
95794,2
95798,2
95816,1
95834,1
95904,1
95914,2
95927,1
95934,3
95964,1
95965,1
95987,1
95992,4
95994,2
95997,2
96022,1
96027,1
96028,1
96043,4
96059,2
96067,2
96074,1
96108,1
96113,2
96135,2
96162,2
96204,2
96258,2
96290,2
96310,3
96311,2
96334,3
96335,3
96348,2
96350,2
96352,2
96404,3
96409,3
96423,3
96448,2
96456,3
96511,3
96525,2
96534,3
96565,2
96627,1
96667,2
96696,2
96702,3
96724,2
96763,2
96788,2
96869,2
96886,3
96892,2
96921,1
96984,2
96988,4
96997,2
97037,2
97041,2
97048,3
97095,2
97113,2
97127,3
97134,2
97136,2
97146,3
97159,3
97174,4
97190,2
97217,2
97218,4
97242,2
97268,2
97273,2
97277,3
97280,2
97296,3
97298,2
97301,2
97312,2
97315,1
97320,2
97361,2
97373,3
97382,3
97388,3
97402,3
97410,2
97412,3
97413,3
97443,3
97485,3
97516,3
97537,3
97545,2
97596,3
97642,4
97671,3
97693,3
97697,3
97709,1
97729,2
97730,2
97748,3
97778,2
97800,3
97811,2
97829,3
97841,4
97850,3
97860,4
97873,3
97874,4
97895,4
97901,3
97919,2
97970,3
98052,3
98056,3
98088,3
98096,3
98127,3
98137,3
98146,3
98165,3
98170,3
98183,3
98224,2
98244,2
98252,2
98387,3
98422,2
98441,2
98476,2
98503,2
98518,2
98519,2
98522,4
98565,4
98568,5
98584,4
98586,5
98663,4
98680,4
98703,3
98709,3
98714,3
98716,4
98719,4
98739,5
98767,5
98773,5
98776,4
98796,3
98816,4
98841,3
98850,4
98851,4
98853,4
98909,4
98923,3
98934,4
98960,4
99013,4
99039,4
99051,2
99088,4
99092,4
99095,3
99096,3
99106,3
99150,5
99159,4
99172,5
99196,2
99226,5
99235,3
99273,4
99281,4
99288,3
99339,3
99346,3
99380,5
99406,5
99423,1
99484,3
99505,2
99523,3
99558,3
99570,5
99624,3
99628,5
99639,3
99645,2
99654,3
99656,4
99661,4
99682,3
99697,5
99716,2
99732,5
99746,3
99751,3
99768,5
99776,4
99782,3
99810,4
99851,4
99855,3
99862,2
99886,3
99900,3
99912,4
99913,4
99990,4
99995,3
100010,3
100077,2
100079,2
100113,3
100117,4
100118,4
100143,3
100149,4
100192,3
100269,3
100276,3
100387,3
100447,5
100460,3
100496,3
100505,3
100526,3
100534,3
100565,3
100582,3
100593,3
100602,4
100604,4
100646,2
100647,3
100685,5
100693,3
100703,3
100760,3
100762,3
100798,2
100833,3
100836,3
100849,3
100911,3
100940,3
100958,2
100963,2
100964,2
100970,2
100974,2
100988,3
101019,2
101038,4
101047,3
101051,3
101068,3
101076,3
101086,3
101109,3
101190,2
101200,3
101248,3
101254,2
101268,2
101272,2
101275,2
101287,3
101313,2
101337,3
101390,2
101400,3
101401,3
101452,2
101474,2
101500,3
101504,3
101507,3
101549,3
101595,1
101620,3
101639,2
101654,2
101663,2
101686,2
101702,2
101716,2
101727,2
101740,2
101779,2
101798,2
101866,1
101878,3
101915,2
101919,3
101933,2
101945,3
102004,3
102025,3
102033,2
102045,1
102077,3
102082,2
102194,2
102300,1
102302,1
102311,2
102336,2
102360,2
102386,2
102401,3
102402,1
102499,2
102510,1
102531,2
102539,3
102542,1
102545,3
102563,2
102565,2
102566,2
102569,2
102600,2
102601,2
102604,2
102605,2
102615,2
102624,2
102636,2
102655,1
102659,2
102681,3
102694,2
102708,1
102715,3
102725,1
102730,1
102749,3
102768,2
102771,2
102775,1
102786,3
102795,1
102799,2
102837,1
102843,2
102865,3
102951,2
102956,2
102998,2
103036,4
103043,3
103046,3
103073,1
103134,2
103208,2
103212,2
103228,2
103230,2
103235,2
103240,1
103279,2
103325,2
103335,2
103348,2
103425,2
103432,2
103445,3
103461,3
103488,1
103560,2
103564,1
103566,3
103580,1
103624,1
103635,1
103641,3
103654,3
103660,1
103697,1
103726,1
103734,1
103742,3
103749,1
103771,2
103781,2
103785,2
103794,2
103839,2
103860,2
103879,4
103885,3
103924,2
103930,1
104068,2
104080,1
104094,2
104100,3
104118,3
104143,1
104180,2
104208,2
104281,1
104285,1
104290,1
104298,2
104327,3
104333,3
104341,3
104347,2
104353,2
104376,2
104377,1
104412,3
104423,2
104427,2
104462,2
104536,2
104539,1
104540,2
104601,1
104623,2
104629,2
104636,2
104664,3
104668,3
104728,2
104799,1
104819,2
104830,2
104870,2
104881,2
104904,2
104909,2
104918,2
104920,2
104981,2
104989,2
105017,2
105028,2
105049,2
105066,2
105067,2
105083,2
105141,2
105143,2
105155,2
105176,2
105200,2
105205,2
105245,2
105254,2
105301,2
105350,2
105397,2
105414,2
105418,2
105454,2
105456,2
105504,2
105517,2
105532,3
105549,2
105559,2
105596,2
105619,2
105620,2
105642,2
105654,4
105657,2
105658,2
105717,4
105720,2
105735,2
105751,4
105757,2
105758,2
105763,4
105772,4
105808,4
105829,5
105851,5
105856,5
105867,4
105870,4
105903,2
105931,3
106007,2
106010,4
106045,2
106050,4
106129,5
106152,4
106191,4
106195,4
106236,4
106252,5
106259,4
106276,4
106287,5
106289,5
106306,3
106318,4
106333,3
106350,5
106379,3
106388,5
106396,4
106414,5
106438,5
106471,4
106487,5
106492,5
106515,4
106527,5
106533,5
106534,5
106587,3
106591,4
106615,4
106630,5
106651,4
106655,4
106667,4
106698,4
106706,3
106761,5
106762,5
106788,4
106796,4
106798,5
106811,5
106843,5
106857,4
106859,5
106861,5
106911,4
106917,4
106927,5
106965,4
106982,5
107007,3
107026,4
107039,3
107053,3
107057,3
107129,5
107142,4
107158,5
107168,4
107173,4
107207,4
107211,4
107245,4
107254,4
107271,4
107282,3
107296,4
107303,3
107336,4
107347,4
107422,5
107440,4
107452,4
107455,2
107485,4
107520,2
107568,5
107599,4
107632,3
107642,4
107648,2
107667,4
107677,3
107709,4
107739,3
107803,5
107856,3
107864,3
107869,3
107942,4
107961,3
107969,5
107980,3
108023,3
108035,3
108060,3
108086,3
108125,4
108135,3
108184,3
108215,3
108220,3
108239,5
108254,5
108262,5
108273,3
108278,5
108279,4
108284,5
108285,5
108333,3
108356,4
108370,4
108404,4
108410,4
108429,2
108436,2
108442,2
108462,2
108465,2
108519,1
108521,2
108578,2
108585,3
108597,2
108605,3
108626,3
108643,1
108673,1
108770,2
108799,3
108813,1
108815,2
108816,2
108866,2
108867,3
108889,1
108897,2
108907,1
108926,2
108942,3
108945,2
108949,1
108967,1
108969,1
109036,2
109046,3
109054,2
109064,1
109073,3
109074,3
109079,2
109114,3
109128,2
109131,2
109143,2
109156,2
109180,2
109213,1
109228,3
109246,3
109247,1
109277,2
109297,3
109309,2
109381,2
109391,2
109443,1
109452,1
109463,2
109476,2
109486,2
109496,1
109512,2
109556,2
109563,2
109569,2
109570,2
109578,1
109587,1
109605,1
109645,2
109668,2
109678,2
109703,1
109733,3
109734,3
109744,1
109746,1
109849,1
109852,2
109865,2
109867,2
109905,2
109926,3
109929,1
110011,3
110019,2
110027,3
110045,3
110071,3
110073,2
110078,3
110155,1
110156,2
110162,2
110163,2
110168,2
110184,2
110202,1
110239,2
110257,3
110309,2
110315,3
110318,2
110374,3
110421,2
110443,3
110445,2
110530,1
110545,1
110560,1
110567,1
110641,3
110717,2
110765,3
110838,1
110844,3
110853,2
110856,2
110859,1
110864,1
110906,3
110913,1
110923,3
110929,2
110933,1
110944,1
110945,1
110950,1
110961,1
110985,1
111022,2
111025,2
111028,2
111085,1
111116,2
111138,1
111150,2
111161,1
111179,2
111192,2
111206,2
111221,2
111227,2
111247,1
111261,2
111278,2
111307,2
111335,2
111368,1
111369,2
111398,2
111399,2
111427,2
111490,2
111505,2
111525,1
111531,2
111545,1
111569,1
111588,3
111626,2
111629,2
111630,3
111636,2
111660,3
111662,3
111666,2
111750,3
111753,4
111775,4
111803,3
111815,5
111825,3
111831,2
111833,2
111869,3
111900,3
111966,3
111979,2
112004,2
112011,2
112012,2
112018,2
112055,3
112066,2
112079,2
112108,2
112125,3
112169,3
112197,2
112224,3
112302,2
112366,3
112367,3
112391,3
112416,1
112423,2
112424,3
112426,4
112436,3
112441,3
112536,3
112544,3
112596,2
112597,4
112631,2
112639,4
112647,1
112662,4
112706,3
112718,2
112720,2
112722,1
112731,2
112742,2
112755,2
112767,5
112771,3
112792,4
112798,3
112832,3
112839,3
112845,3
112873,3
112883,5
112888,3
112907,2
112971,3
112980,3
113004,3
113008,4
113037,3
113042,4
113068,4
113073,5
113075,3
113103,5
113164,3
113170,3
113185,4
113208,2
113209,3
113220,3
113246,3
113291,2
113298,1
113299,2
113332,3
113378,3
113399,5
113417,4
113436,3
113445,4
113455,2
113470,3
113472,2
113482,2
113529,2
113561,2
113586,4
113609,3
113641,3
113689,2
113715,3
113808,3
113826,2
113842,2
113844,2
113848,2
113861,3
113863,2
